<?xml version="1.0" encoding="UTF-8"?>

<!DOCTYPE mapper PUBLIC "-//mybatis.org//DTD Mapper 3.0//EN" "http://mybatis.org/dtd/mybatis-3-mapper.dtd">

<!--按照用户名和密码查看单个客户定义-->
<mapper namespace="com.ning.mapper.CategoryMapper">


    <select id="findAll" resultType="Category">
        select categoryId,categoryName
        from category

    </select>
    
    
    <insert id="doAdd" parameterType="Category">
        insert into category
        (categoryName)
        VALUES
        (#{categoryName})
    </insert>


    <!--根据id查商品分类-->
    <select id="find" parameterType="int" resultType="Category">
        select categoryId,categoryName
        from category
        where categoryId = #{categoryId}
    </select>

    <!--更新商品分类信息-->
    <update id="doUpdate" parameterType="Category">
        update category
        set categoryName = #{categoryName}
        where categoryId = #{categoryId}
    </update>



</mapper>