<?xml version="1.0" encoding="UTF-8"?>

<!DOCTYPE mapper PUBLIC "-//mybatis.org//DTD Mapper 3.0//EN" "http://mybatis.org/dtd/mybatis-3-mapper.dtd">

<!--按照用户名和密码查看单个客户定义-->
<mapper namespace="com.ning.mapper.GoodsMapper">


    <resultMap id="goodsMap" type="Goods" autoMapping="true"> <!-- auto为true，仅为定义字段与数据库字段相同时可用-->
        <id column="goodsId" property="goodsId"/>   <!-- 主键-->
        <association property="category" javaType="Category" autoMapping="true">
            <id column="categoryId" property="categoryId"/>
        </association>
    </resultMap>


    <!--查询所有-->
    <!--为上方设置映射关系-->
    <select id="findAll" resultMap="goodsMap">
        select
            g.goodsId,g.goodsName,g.price,g.address,g.produceDate,g.picture,
            c.categoryId,c.categoryName
        from goods g
        join category c
        on g.categoryId = c.categoryId
    </select>

    <!--根据编号查询-->
    <select id="find" parameterType="int" resultMap="goodsMap">
        select
            g.goodsId,g.goodsName,g.price,g.address,g.produceDate,g.picture,
            c.categoryId,c.categoryName
        from goods g
                 join category c
                      on g.categoryId = c.categoryId
        where g.goodsId = #{goodsId}
    </select>


    <!--添加-->
    <insert id="doAdd" parameterType="Goods">
        insert into goods
        (goodsName,price,address,produceDate,picture,categoryId)
        values
        (#{goodsName},#{price},#{address},#{produceDate},#{picture},#{category.categoryId})
    </insert>


    <!--修改-->
    <update id="doUpdate" parameterType="Goods">
        update goods
        set goodsName = #{goodsName},
            price = #{price},
            address = #{address},
            produceDate = #{produceDate},
            picture = #{picture},
            categoryId = #{category.categoryId}
        where goodsId = ${goodsId}
    </update>


    <!--随机获取一定数量货物-->
    <select id="findRandLimit" parameterType="int" resultMap="goodsMap">
        select
            g.goodsId,g.goodsName,g.price,g.address,g.produceDate,g.picture,
            c.categoryId,c.categoryName
        from goods g
                 join category c
                      on g.categoryId = c.categoryId
        order by rand()
        limit ${value}
    </select>


    <select id="findByCategory" parameterType="int" resultMap="goodsMap">
        select
            g.goodsId,g.goodsName,g.price,g.address,g.produceDate,g.picture,
            c.categoryId,c.categoryName
        from goods g
                 join category c
                      on g.categoryId = c.categoryId
        where c.categoryId = #{categoryId}
    </select>




</mapper>