<?xml version="1.0" encoding="UTF-8"?>

<!DOCTYPE mapper PUBLIC "-//mybatis.org//DTD Mapper 3.0//EN" "http://mybatis.org/dtd/mybatis-3-mapper.dtd">

<!--按照用户名和密码查看单个客户定义-->
<mapper namespace="com.ning.mapper.OrdersMapper">




    <!--后台查看订单-->
    <select id="findAll" resultType="Orders">
        select
            o.orderId,
            o.customerUsername,
            o.customerName,
            o.customerPhone,
            o.customerAddress,
            o.goodsId,
            o.goodsName,
            o.price,
            o.goodsNum,
            o.ordersDate
        from orders o

    </select>


    <select id="findAllByCustomername" parameterType="String" resultType="Orders">
        select
            o.orderId,
            o.customerUsername,
            o.customerName,
            o.customerPhone,
            o.customerAddress,
            o.goodsId,
            o.goodsName,
            o.price,
            o.goodsNum,
            o.ordersDate
        from orders o
        where o.customerUsername=#{customerUsername}
    </select>

    <!--新增订单-->
    <insert id="orderAdd" parameterType="Orders" >

        insert into orders
            (customerUsername,customerName,customerPhone,customerAddress,goodsId,goodsName,price,goodsNum,ordersDate)
        values
            (#{customerUsername},#{customerName},#{customerPhone},#{customerAddress},#{goodsId},#{goodsName},#{price},#{goodsNum},#{ordersDate})


    </insert>


    <select id="all_order" parameterType="String" resultType="Orders">

        select *
            from orders
        where customerUsername = #{customerUsername}


    </select>




</mapper>